private_commit,public_commit
0224019fda6c337b24a8b4221f692f9fef133edb,0aa2bf3adba730a863e7749b814cef8dd4f83df9
0a796504162307a0e0fecd9fa11ff8e26b369e15,8c06ebd44bdd32e9c28dc7206de41d9875cb0083
0b391fc22a9bf89e79ae3b1a550202ad43855e5b,5092c0facf8fa0737d9ba5b06b99de1dffece14d
121cca3490000afe8c599d9790595514a8a3b4fc,ff55254c9f1d1b1b7633cb10edd9d259b3838495
14674312abbdb99dcef40aa5edbc6d5d6b0f0145,3834bb4854fd83796233fd39c0fa0f06631776f5
160d2cd7f3f4b35ee9a7209fed9bcedbf50529f3,6e0590aeef691d7d736a1b08b81f855106c2b918
17799092f1e8d5ed7cd66fd00c8d56934830bd5a,3290658415fdb1ea7c6422dab2d66b627809a3b8
1a97d972c76b05b1bda5bc97a47354dbc0408230,5b8733acdcad340850400d66083e52d1f65da618
1aeeb624688040895913ccac7cf5948f544db589,45c15f90890b1370e74907827a586e8d4181db6c
1b6c1401aeb622b729462b3d4048a48bdb7f0c22,b15c76f47d53fdfa09281a23c9ec40c06c069f37
1c65dd9aec9e0e58a98139fa267d592ab6bcc316,dbc64e233bbdc6fc88ef5968072eaad9c32901c5
1f29299dfef8e53d17d80cc3a5a49eb0c8596c2c,f41961ee7e65abf40d9b57ef73d8f58e60ea233a
20ecdd860a8782f22f9c5e15763138785659f908,9266ec5a1d3ca9af8df36bd7410fdfc877f387ca
238f80cabfb46c69e22fd2646f7354aa55605f50,ebe8779b704ebb9dcf40646da313446a19e9cdb4
2692c213a36eb4881efef3fb61c8276636cbd3e8,b7ea7c5584e560af0801df5a260504bc92849458
281a6b9975af7454569f8c2f1380506f88e01146,a40bee81ed8e8729154b25006622e41a5d847c9f
28ce5628cf1a122aa9de838964eca1e02117807c,27b6890510f543561b1ce6661b68b836bc266f94
2d38f79a4d9f1b1b23f062b5020401f6f83b2847,1dfe3f092cc3cd9cb1fcd5a38d04b6462962b1e1
2eb173fc5063dde91596f2456530d013232eca33,d6fd1f5fc8a1f7469860181fab42975838b7f9a0
306a358215eda8d09c543bd7f10264f6282fe695,2ca518e626263a35143c037641822e29c6fad4aa
3212fb7d5f19cfda8df0cdf0f13e0d7d5368c086,b103157d8972c570bd76ba61821ca34be7c935e4
339c0bb7c774daef9553b0dc954814a718df170f,35393e2baf5af7ca9732cc2553f5c890bcbc2690
36052ec26eb93f5a04ddbc5d8cc81295b466303a,e412b9a9ebe1e6f95eb0bce65c80160d0d249b8d
39156fbfc0e0b549053a71f88194aba311d3d58a,9edd809d0380867554523880086ac632d4f56c30
3a19a71a74d17a9fa1bded2fe4e72d9b0cc8f75e,ac0eef989710556626541e248da8a95eff86ccae
3b2f0c2d59aedfb29f8c68020e180b8d43431e42,d68e50b482f167be8d6a04bf412ebf2fbbefba4d
42c0358ae9c87b4a8f4f52dbd2988d5989bb6b19,77cd0ae7d41e4a324aada7068f87d701699e2e53
4331526bc9a4811cf2572914e3e843afdbe9a3c1,c9cb28a1114125fb502b9b33665dbdccf09b0994
47dc156c092d58e7f3f48e845178303478a51271,3ece9237ab92e94a04e18f894ccbfde27194cd8c
49e7fea2ddf67fdbfdb8ec4995c8e22b8bcb03a4,ebf6ad30d9bf8d5ee489fb3e8dfc2ae096a5abea
4c34c1b97364a5c5e1f6fbab8c9bc3bc9c18ca5d,226564d12ffaef564e6396b2e75adc580ea711d3
4e74b9038751778af8b90019e866e1a6d5627791,785594740567832312253e7fa1f35a1e376fb661
4fa5bf1999ff262171f30459daaa70d56055c693,440099340b6e0f8369df8582fe2ff343a663fc92
4fdd6e3db80bdc0b5ccd270d8c125d37171d2118,3dfa2210aaa94b08c7e739f5ee0bd14e15044335
50d81906ca1394c815132e6fb99b727f029b17d2,e8e4b2895bf1ed0caa4545c51eb6dae59385a759
5118980496c58114fe0a1bbdb1841b62f7039d15,08ab902f275373a95dd04c192061a918d5fe0907
522c56ba206505ada15d0e9c636b751898ffee42,f9f25d2cf38d1ffcc4c869d15f6ba93da2350d84
536d829ccf5a657ddbe638d9b72d014dd7c473a6,c589cd0bcaf2f16bf4a2eefe6e00c7616599a7f4
5635fc3c65a5a2cf395d1598c1c2fd7fdad54f00,aa67d128f0d6a1c621ef74aa52c1b322b6c4344d
59e6044472caef9cd15a790bd487311110d7dfcf,6b520da496a47bc1806a97a0b51e1d2ac77bd798
5cb41c4850b4c52c3bbf5205a90663e4f9eec7bf,1d65933efb0444ad4f51924e5337aff45b708110
5e44964fc46b6e22c8cce69d8a52ec62da7362c5,83732a5afa55156fec5e096ee2a6d44ff79bba89
5eadc829f5e037a5f1e6eb10b32ea69220644c7c,85be1aba1b0021c71dcab9e24c501f9a52b42133
600d498ece6f9e87d9aa177a236269ad53574192,0ec1f247c588c22d9f0e5beca487c3620bea5119
614ace60232ae01d30a45c15b099ea31c6585893,2fd8ef136f541cd7cb5e8c9110c0d6bf47539977
6363d7449408fc819ae30b4329b006f15612855b,de3acffa8d69b3761c940cae54814652f8144715
67ae787759cc6310f79da7a69373b64cd8d453a6,1f9da8e9b9c49174127f882cf178bfbe4f5fbbb4
68458b3b4f483e86cfaa8821ba52c5c3d94698a9,f278f4c197825e7885f3326138fbd160db535bd7
6a93a7857365214c70cc0541d1ae2216efae467f,f004b96e1a36414b0616655ddcdafc0e8ced489d
6f0eff7a764971227a96430d4b3a179cca190547,546d2529439e79b5c6f19d4648c15897636f9379
740d5b0d64f567faccf66dbd85b2bb935dd3282e,56a340dfb5d22a00abc2763c187b82b041ca60ad
751492f8d571b25aa9703c1a835b64fec40a892f,42ab38309d787cc921bd0e36d3805e1a5e6123bd
77e38bae2b1735a264382a7798e1c5df67f736df,e68055064f7f17e1981424ee61b25681be1a772a
78d1c2402560e3575c1538ce0580a0f699d42322,2e55322dbc3ab0b9c0e4a86aec45fabfb0d4cdf3
79ad9c0d2a20ac0e9534ef53c988cf22d2b57148,833d4ea9021be342f9330d52aa4fbc5023180b63
80b1633c26edac7f7e3a5f75ba88aaa6eb3f89dd,f7f4799c4934756f8b4a240ceff22e4f5a881a96
854fd379f5e89fef38b961d0dc9a9aa825e842b7,53241d24e6b70a3f4fc504998fece4d407e0d946
87d17d0a73280f36914bfc3ba8af106d2a3fceb0,0e6c068c4beff3f5c3d6cc483ca4020fab4d81ab
89bf68f6cde7760466068ceebce2b0b9f7cb35b2,8349fbfa46161e9560a95496105ccfe4309568f0
8a83162d5b38ade529fb08fad28c89a0bbe52930,20fa3d3fdf5d6b20a06d68a0df7463fdc8d4765d
8cda3d5545791f7f58b9fcb42aa88c78852473f3,bcbadd7299472f24296e62a240918129ebf0f919
8d71a81e9fa1d12bf972d09b24aa6d6acbefee6a,4ff5cfcb91738ecba62860231acb8ce4e10ca493
8f2134c74f27c41f18e693d5aef39dd3d37c8e8e,62c1441843f424508baaaf3ad18082264e26e055
8ff4782b9b7a032f24bf7b5779037c278cef1683,4319b6d0b5e5d4456640646b1a08dbbc519708fe
90f0bdb1dc8bfa706d2bd173fd82475ae5107f30,622bf650565065095f1f249a8f76d353788042c1
91459f4cd74b4e30aba06a1df99bbb90d5fd1fd0,6d09c5f9576ea6a123e0b57264f59cbe2255f154
92724b8ee5ae9fa0921a149a3305dc0d7155f40a,70d67843b52390b8a53983194dccddb6456860fb
9736d71c14df5e2d968ddcc573d271e33ddb84d3,3240e4cf43ec941153f7ac52b0685a07f00c1097
9b875ab6c4d63c603d75c77133213d6cb2151c5e,6507e8cc7d52d7887c1d90b6584f74cafb486f3f
a00fa8b9dea0b20ccb918953ba6b47c1b7517655,5e371ad0a88f920c1a7460d4d0d4daa22ccc37d2
a14ff6871a06c7c7a7bfd813a0663966eac67373,97377fecaee5931190fe400df5befae2f03d451e
a2766a7e4b3def9e00746b24e898c4d4be318744,353636beb3b7d44f9cae8a0a844757d13475573c
a337b8056c90883026334ce7dc360703af6866ee,84635e1cddff614789f7c71c77949fe0e7a9aaec
a358bf070a35346d645d09bbbfdb12e76ad3e08d,e3a83e1d0160a160fc8f7838525584761665e6cf
a46715aaaa9b36eb04ddc24138ce3ded7d12117e,5fea29df5ba8fcb6d53f1a29fea369156bb16295
a683e9669400f94087a5afe2d1869408c4d659ae,6e17310f47102646f7f5924d9227c55dd4cd4f45
a68cb5142d920862d19740f17da4ef5f126d7be6,a41225afcd17fde93aa02842df85f678c087d1f8
a80366db5b8d6d030ccde470951559bee7881e9f,733f7a46fcc08d9eaec341c1dea2ac23ae48eed2
a824ceb8882267b1b2ee20f93e9325ded2a843ab,9009c0605c1765135bbae8a07a7e4f8cdd37632e
aa4cd4a2ab585fefe68ce7830c4b937b818f1a46,81570d67fba6bccb209f7ef0b53b93e2f7d2bb4f
aef6e60af2eb0895aa4953b53a4e043879f6ca74,cc9279f210023f9d369ff1ddee7490a0697e4c88
b06e993cd9a8799fa4a99a2f2c97b68028513d04,e228f5524cb6783aedd618f580ab673093e522f3
b88cbcdae07e77bf4eadf34cbfd768441dbc82c2,3e08fa67b7f7d41d94ad204ea13865571c36d112
baf276a21f70f58f865703f049370a8c7c4fb384,8ece38d7369e84e5941b932b5be52c0a73778079
bb19b887bf1884462726b0519f19e3a33c3ba716,f071b9c4fef85dea83802ee1ea96720de7c36e1e
bb4639f75f89b2fd79c26401697ba3358560baaa,997d8561702659b4e0d092c78c0beb170d020fb3
c09429775e04a9871e54b81b6aef3c8bb920bdb6,826d5d13bd619722d646c95ff111853a6d395864
c24b660b93c54b1224d3350fea7fc0d62470b6c1,b6dc4374c0d15123624dded755c5d5d82be8d3bb
c46bdcb363b6881d03c61b3891b7c58cc40e80ef,e8d6b3b18f8ccb5aa23d48c532b8a54b7968ca2e
c7dcb1b38dd63f1e5af366d538c818878f2ddd9f,809a52672a719d69bfeb2ce15f0fa3fa1b9f75e2
c8d3277e5a0507aa13db9ada66a44460d3d2154c,9727541680752836b11244789f9d79d38325b7ba
c92ad8e129fa586ce149b5f8fa28a3893103c126,ddd4f64cda4773ea94b6d04ee794216c967fd43c
caadccac23aadb87cc5f1ba1138674d9bb824d9f,ef48fb43823b21dc157bda206de72487b2b422a6
ce34dc0227dbbe8a584a56b3491ac7b54b65f279,cd7f3cd977b8ea4e10fafed5777730fabc3ece0d
cf7531f9921ba72c31b252cab042a8240b17c360,5b3addf0cbceb0d564d091672e0b9b48224d3c94
cfa30325fc3e9fc4f35650a71a30e9fbc9b5b490,8a1d580af985b663f93cdc4925821034801aba71
d39e792da913a59775980525b1877a9cd149798d,5d5dede6525145e770a781a26d1963cd23680351
d50dc37c397dc2a1835d177156cd1a4c712a1ca5,9b18c51169a68aa476bd339f51cc4bcdd7daf0fd
dbfdc0f88e8c0f17c732f4e14c373a45b1b672ce,3d9c418887560b4a8c0534059014c5643c963f79
dd5409a4f25a387b48391da9f065d342c549751c,011b58a5ba018023f39166d8a9c5c30216e65829
de6e6938e0ef89ff392bb30bdd1847e4532be4e2,963c0acf27256b03f91a32f7701ab1700b219f86
e4a516dcd358f795df247c6ce11d06c4e1084638,85e7da419134c8b4b9fe58cc1ff263d18d66bd77
edf1392e6c336d0486dd85f06eaee4da34768365,3eea3b9d3bbb3063633b50c656c13ed52b72fe4a
ee33e1fa54334eb158ad017be1821c970f7fbcb6,25a0adfc9a008069adff1948c9aedc10c62564d0
ef1ef405352987583949571866a6b44237890c4a,5e0ff21cadaebfe4924b90067eaec70b59b3221d
f1ed6e9c7c98a3a68acf7a03073406d9bba18f82,581d5a9c4aaca2311c34a371c9b2374e5bfca339
f84290412e038e78ba323db0a4ac7e13e39fb874,eb71efd1187c00ec5c170c45f1c5a15fdde0db18
fa50f249c3b6de15168e9a7c58e3b875e27f4df8,c0d19c81b35ced98d4fd5e6154e9de51896d9cec
fb224624b31f1b33eb9f9e565940fdac0be657ac,9de604366a66bbf87bac1f2a9c76d6a9877e23d4
ffefeaeb85a1c30854e0be2ebb3a7a0f34a07a2c,20116b2db4fa56fb5b794aa39b123cefcddf5019
